{"crime_index":29.362175749755295,"cpi_and_rent_index":54.272065696161945,"purchasing_power_incl_rent_index":80.74915538828691,"property_price_to_income_ratio":7.090146954051129,"contributors_healthcare":282,"safety_index":70.63782425024472,"traffic_co2_index":4966.757396449704,"traffic_inefficiency_index":172.6517840084704,"contributors_traffic":177,"rent_index":33.55001923505109,"health_care_index":64.61963526292315,"groceries_index":75.03710038517421,"contributors_property":96,"pollution_index":32.819824843276294,"traffic_time_index":39.591715976331365,"restaurant_price_index":66.2407376280389,"contributors_cost_of_living":453,"climate_index":52.37080032687485,"cpi_index":72.08033847930685,"quality_of_life_index":154.94943980889963,"contributors_pollution":173,"contributors_crime":569,"traffic_index":161.93191497010477,"name":"Montreal, Canada","city_id":7391}
