{"name":"Montreal, Canada","currency":"CAD","contributors12months":396,"monthLastUpdate":6,"contributors":453,"yearLastUpdate":2021,"prices":[{"data_points":62,"item_id":1,"lowest_price":12,"average_price":15,"highest_price":25,"item_name":"Meal, Inexpensive Restaurant, Restaurants"},{"data_points":51,"item_id":2,"lowest_price":50,"average_price":75,"highest_price":120,"item_name":"Meal for 2 People, Mid-range Restaurant, Three-course, Restaurants"},{"data_points":30,"item_id":3,"lowest_price":10,"average_price":12,"highest_price":13,"item_name":"McMeal at McDonalds (or Equivalent Combo Meal), Restaurants"},{"data_points":42,"item_id":4,"lowest_price":4,"average_price":6,"highest_price":9,"item_name":"Domestic Beer (0.5 liter draught), Restaurants"},{"data_points":31,"item_id":5,"lowest_price":5,"average_price":7,"highest_price":10,"item_name":"Imported Beer (0.33 liter bottle), Restaurants"},{"data_points":47,"item_id":6,"lowest_price":1.25,"average_price":2.0170967741935484,"highest_price":3,"item_name":"Coke/Pepsi (0.33 liter bottle), Restaurants"},{"data_points":46,"item_id":7,"lowest_price":1.25,"average_price":1.7652777333333334,"highest_price":3,"item_name":"Water (0.33 liter bottle) , Restaurants"},{"data_points":85,"item_id":8,"lowest_price":1.8,"average_price":2.6444098301895713,"highest_price":4,"item_name":"Milk (regular), (1 liter), Markets"},{"data_points":77,"item_id":9,"lowest_price":2,"average_price":3.5200758405009083,"highest_price":4.75,"item_name":"Loaf of Fresh White Bread (500g), Markets"},{"data_points":80,"item_id":11,"lowest_price":2.4,"average_price":3.3103076923076933,"highest_price":4,"item_name":"Eggs (regular) (12), Markets"},{"data_points":43,"item_id":12,"lowest_price":8,"average_price":16.84905760274705,"highest_price":35,"item_name":"Local Cheese (1kg), Markets"},{"data_points":45,"item_id":13,"lowest_price":1,"average_price":1.8063333333333333,"highest_price":3,"item_name":"Water (1.5 liter bottle), Markets"},{"data_points":44,"item_id":14,"lowest_price":12.99,"average_price":15,"highest_price":24,"item_name":"Bottle of Wine (Mid-Range), Markets"},{"data_points":50,"item_id":15,"lowest_price":2,"average_price":3.1293244129607767,"highest_price":5,"item_name":"Domestic Beer (0.5 liter bottle), Markets"},{"data_points":42,"item_id":16,"lowest_price":1.5,"average_price":3.6060714285714286,"highest_price":6,"item_name":"Imported Beer (0.33 liter bottle), Markets"},{"data_points":24,"item_id":17,"lowest_price":10.5,"average_price":13,"highest_price":16.5,"item_name":"Cigarettes 20 Pack (Marlboro), Markets"},{"data_points":68,"item_id":18,"lowest_price":3.25,"average_price":3.5,"highest_price":3.75,"item_name":"One-way Ticket (Local Transport), Transportation"},{"data_points":40,"item_id":19,"lowest_price":8,"average_price":14.961629167420826,"highest_price":23,"item_name":"Chicken Fillets (1kg), Markets"},{"data_points":62,"item_id":20,"lowest_price":82,"average_price":88,"highest_price":90,"item_name":"Monthly Pass (Regular Price), Transportation"},{"data_points":79,"item_id":24,"lowest_price":1.04,"average_price":1.1992373610943698,"highest_price":1.33,"item_name":"Gasoline (1 liter), Transportation"},{"data_points":18,"item_id":25,"lowest_price":22000,"average_price":25000,"highest_price":26000,"item_name":"Volkswagen Golf 1.4 90 KW Trendline (Or Equivalent New Car), Transportation"},{"data_points":96,"item_id":26,"lowest_price":970,"average_price":1291.2698412698412,"highest_price":1700,"item_name":"Apartment (1 bedroom) in City Centre, Rent Per Month"},{"data_points":81,"item_id":27,"lowest_price":700,"average_price":892.9056603773585,"highest_price":1200,"item_name":"Apartment (1 bedroom) Outside of Centre, Rent Per Month"},{"data_points":64,"item_id":28,"lowest_price":1800,"average_price":2251.190476190476,"highest_price":3000,"item_name":"Apartment (3 bedrooms) in City Centre, Rent Per Month"},{"data_points":66,"item_id":29,"lowest_price":1285,"average_price":1542.4418604651162,"highest_price":2000,"item_name":"Apartment (3 bedrooms) Outside of Centre, Rent Per Month"},{"data_points":63,"item_id":30,"lowest_price":55,"average_price":95.07175620616752,"highest_price":160,"item_name":"Basic (Electricity, Heating, Cooling, Water, Garbage) for 85m2 Apartment, Utilities (Monthly)"},{"data_points":25,"item_id":32,"lowest_price":0.1,"average_price":0.3470588235294118,"highest_price":0.5,"item_name":"1 min. of Prepaid Mobile Tariff Local (No Discounts or Plans), Utilities (Monthly)"},{"data_points":88,"item_id":33,"lowest_price":50,"average_price":63.224137931034484,"highest_price":80,"item_name":"Internet (60 Mbps or More, Unlimited Data, Cable/ADSL), Utilities (Monthly)"},{"data_points":54,"item_id":40,"lowest_price":15,"average_price":41.87619047619048,"highest_price":100,"item_name":"Fitness Club, Monthly Fee for 1 Adult, Sports And Leisure"},{"data_points":34,"item_id":42,"lowest_price":10,"average_price":19.795454545454547,"highest_price":30,"item_name":"Tennis Court Rent (1 Hour on Weekend), Sports And Leisure"},{"data_points":39,"item_id":44,"lowest_price":12,"average_price":14,"highest_price":17,"item_name":"Cinema, International Release, 1 Seat, Sports And Leisure"},{"data_points":55,"item_id":60,"lowest_price":40,"average_price":76.9061111111111,"highest_price":109,"item_name":"1 Pair of Jeans (Levis 501 Or Similar), Clothing And Shoes"},{"data_points":51,"item_id":62,"lowest_price":25.99,"average_price":44.205588235294115,"highest_price":70,"item_name":"1 Summer Dress in a Chain Store (Zara, H&M, ...), Clothing And Shoes"},{"data_points":55,"item_id":64,"lowest_price":70,"average_price":109.27777777777777,"highest_price":150,"item_name":"1 Pair of Nike Running Shoes (Mid-Range), Clothing And Shoes"},{"data_points":42,"item_id":66,"lowest_price":90,"average_price":137.67857142857142,"highest_price":200,"item_name":"1 Pair of Men Leather Business Shoes, Clothing And Shoes"},{"data_points":37,"item_id":206,"lowest_price":22000,"average_price":24439.84,"highest_price":27000,"item_name":"Toyota Corolla Sedan 1.6l 97kW Comfort (Or Equivalent New Car), Transportation"},{"data_points":37,"item_id":224,"lowest_price":220,"average_price":698.1333333333334,"highest_price":980,"item_name":"Preschool (or Kindergarten), Full Day, Private, Monthly for 1 Child, Childcare"},{"data_points":31,"item_id":100,"lowest_price":5000,"average_price":5944.955895932956,"highest_price":8000,"item_name":"Price per Square Meter to Buy Apartment in City Centre, Buy Apartment Price"},{"data_points":32,"item_id":228,"lowest_price":5000,"average_price":9190.47619047619,"highest_price":15000,"item_name":"International Primary School, Yearly for 1 Child, Childcare"},{"data_points":29,"item_id":101,"lowest_price":2500,"average_price":3455.320009557895,"highest_price":4360,"item_name":"Price per Square Meter to Buy Apartment Outside of Centre, Buy Apartment Price"},{"data_points":78,"item_id":105,"average_price":3314.5560897435894,"item_name":"Average Monthly Net Salary (After Tax), Salaries And Financing"},{"data_points":42,"item_id":106,"lowest_price":1.95,"average_price":2.476785714285714,"highest_price":5,"item_name":"Mortgage Interest Rate in Percentages (%), Yearly, for 20 Years Fixed-Rate, Salaries And Financing"},{"data_points":36,"item_id":107,"lowest_price":3.25,"average_price":3.55,"highest_price":5,"item_name":"Taxi Start (Normal Tariff), Transportation"},{"data_points":27,"item_id":108,"lowest_price":1.7,"average_price":1.7522667621092816,"highest_price":3,"item_name":"Taxi 1km (Normal Tariff), Transportation"},{"data_points":19,"item_id":109,"lowest_price":36,"average_price":38.999999922,"highest_price":45,"item_name":"Taxi 1hour Waiting (Normal Tariff), Transportation"},{"data_points":44,"item_id":110,"lowest_price":2,"average_price":3.7888337647058865,"highest_price":6,"item_name":"Apples (1kg), Markets"},{"data_points":41,"item_id":111,"lowest_price":2,"average_price":4.1529350090258355,"highest_price":7,"item_name":"Oranges (1kg), Markets"},{"data_points":39,"item_id":112,"lowest_price":0.75,"average_price":2.5712924524369756,"highest_price":4.409245243697551,"item_name":"Potato (1kg), Markets"},{"data_points":39,"item_id":113,"lowest_price":1,"average_price":2.2603999999999997,"highest_price":3.99,"item_name":"Lettuce (1 head), Markets"},{"data_points":64,"item_id":114,"lowest_price":2.5,"average_price":4.066190476190476,"highest_price":5.5,"item_name":"Cappuccino (regular), Restaurants"},{"data_points":37,"item_id":115,"lowest_price":1.5,"average_price":3.2464,"highest_price":6.99,"item_name":"Rice (white), (1kg), Markets"},{"data_points":40,"item_id":116,"lowest_price":2,"average_price":4.809462655423415,"highest_price":7,"item_name":"Tomato (1kg), Markets"},{"data_points":54,"item_id":118,"lowest_price":1,"average_price":1.8469967916158476,"highest_price":4.409245243697551,"item_name":"Banana (1kg), Markets"},{"data_points":42,"item_id":119,"lowest_price":1.35,"average_price":2.5017257399759925,"highest_price":4.39,"item_name":"Onion (1kg), Markets"},{"data_points":33,"item_id":121,"lowest_price":10,"average_price":18.2616466462949,"highest_price":26,"item_name":"Beef Round (1kg) (or Equivalent Back Leg Red Meat), Markets"}],"city_id":7391}
