{"name":"Ottawa, Canada","currency":"CAD","contributors12months":230,"monthLastUpdate":6,"contributors":285,"yearLastUpdate":2021,"prices":[{"data_points":39,"item_id":1,"lowest_price":14,"average_price":18,"highest_price":40,"item_name":"Meal, Inexpensive Restaurant, Restaurants"},{"data_points":29,"item_id":2,"lowest_price":60,"average_price":75,"highest_price":130,"item_name":"Meal for 2 People, Mid-range Restaurant, Three-course, Restaurants"},{"data_points":20,"item_id":3,"lowest_price":10,"average_price":12,"highest_price":13,"item_name":"McMeal at McDonalds (or Equivalent Combo Meal), Restaurants"},{"data_points":27,"item_id":4,"lowest_price":5,"average_price":7,"highest_price":8,"item_name":"Domestic Beer (0.5 liter draught), Restaurants"},{"data_points":23,"item_id":5,"lowest_price":7,"average_price":8,"highest_price":12,"item_name":"Imported Beer (0.33 liter bottle), Restaurants"},{"data_points":39,"item_id":6,"lowest_price":1.89,"average_price":2.39186656,"highest_price":4,"item_name":"Coke/Pepsi (0.33 liter bottle), Restaurants"},{"data_points":41,"item_id":7,"lowest_price":1,"average_price":1.868564617777778,"highest_price":2.5,"item_name":"Water (0.33 liter bottle) , Restaurants"},{"data_points":45,"item_id":8,"lowest_price":1.1359398263403724,"average_price":2.703322227195936,"highest_price":4.75,"item_name":"Milk (regular), (1 liter), Markets"},{"data_points":40,"item_id":9,"lowest_price":1.99,"average_price":3.0510590492889538,"highest_price":4.3,"item_name":"Loaf of Fresh White Bread (500g), Markets"},{"data_points":39,"item_id":11,"lowest_price":2.5,"average_price":3.4816,"highest_price":5,"item_name":"Eggs (regular) (12), Markets"},{"data_points":32,"item_id":12,"lowest_price":8,"average_price":11.573606502232915,"highest_price":20,"item_name":"Local Cheese (1kg), Markets"},{"data_points":23,"item_id":13,"lowest_price":0.9,"average_price":1.62875,"highest_price":2.5,"item_name":"Water (1.5 liter bottle), Markets"},{"data_points":28,"item_id":14,"lowest_price":12,"average_price":15,"highest_price":18,"item_name":"Bottle of Wine (Mid-Range), Markets"},{"data_points":19,"item_id":15,"lowest_price":2,"average_price":2.7106782106782106,"highest_price":4,"item_name":"Domestic Beer (0.5 liter bottle), Markets"},{"data_points":16,"item_id":16,"lowest_price":1.75,"average_price":2.932727272727273,"highest_price":4,"item_name":"Imported Beer (0.33 liter bottle), Markets"},{"data_points":11,"item_id":17,"lowest_price":13.45,"average_price":17,"highest_price":23,"item_name":"Cigarettes 20 Pack (Marlboro), Markets"},{"data_points":27,"item_id":18,"lowest_price":3.5,"average_price":3.6,"highest_price":3.86,"item_name":"One-way Ticket (Local Transport), Transportation"},{"data_points":24,"item_id":19,"lowest_price":5.99,"average_price":14.06625,"highest_price":22.02,"item_name":"Chicken Fillets (1kg), Markets"},{"data_points":34,"item_id":20,"lowest_price":115,"average_price":120,"highest_price":140,"item_name":"Monthly Pass (Regular Price), Transportation"},{"data_points":41,"item_id":24,"lowest_price":0.93,"average_price":1.0967407407407406,"highest_price":1.26,"item_name":"Gasoline (1 liter), Transportation"},{"data_points":12,"item_id":25,"lowest_price":22570,"average_price":26000,"highest_price":30000,"item_name":"Volkswagen Golf 1.4 90 KW Trendline (Or Equivalent New Car), Transportation"},{"data_points":43,"item_id":26,"lowest_price":1300,"average_price":1618.9655172413793,"highest_price":1900,"item_name":"Apartment (1 bedroom) in City Centre, Rent Per Month"},{"data_points":44,"item_id":27,"lowest_price":1100,"average_price":1256.2068965517242,"highest_price":1500,"item_name":"Apartment (1 bedroom) Outside of Centre, Rent Per Month"},{"data_points":42,"item_id":28,"lowest_price":2200,"average_price":2687.5,"highest_price":3500,"item_name":"Apartment (3 bedrooms) in City Centre, Rent Per Month"},{"data_points":46,"item_id":29,"lowest_price":1650,"average_price":2041.6666666666667,"highest_price":2500,"item_name":"Apartment (3 bedrooms) Outside of Centre, Rent Per Month"},{"data_points":39,"item_id":30,"lowest_price":90,"average_price":151.85525797844375,"highest_price":225.25,"item_name":"Basic (Electricity, Heating, Cooling, Water, Garbage) for 85m2 Apartment, Utilities (Monthly)"},{"data_points":10,"item_id":32,"lowest_price":0.2,"average_price":0.2642857142857143,"highest_price":0.25,"item_name":"1 min. of Prepaid Mobile Tariff Local (No Discounts or Plans), Utilities (Monthly)"},{"data_points":38,"item_id":33,"lowest_price":51,"average_price":73.455,"highest_price":110,"item_name":"Internet (60 Mbps or More, Unlimited Data, Cable/ADSL), Utilities (Monthly)"},{"data_points":50,"item_id":40,"lowest_price":20,"average_price":57.89696969696969,"highest_price":80,"item_name":"Fitness Club, Monthly Fee for 1 Adult, Sports And Leisure"},{"data_points":11,"item_id":42,"lowest_price":16,"average_price":31.75,"highest_price":40,"item_name":"Tennis Court Rent (1 Hour on Weekend), Sports And Leisure"},{"data_points":34,"item_id":44,"lowest_price":12,"average_price":14,"highest_price":15,"item_name":"Cinema, International Release, 1 Seat, Sports And Leisure"},{"data_points":46,"item_id":60,"lowest_price":40,"average_price":66.46666666666667,"highest_price":99,"item_name":"1 Pair of Jeans (Levis 501 Or Similar), Clothing And Shoes"},{"data_points":34,"item_id":62,"lowest_price":30,"average_price":47,"highest_price":90,"item_name":"1 Summer Dress in a Chain Store (Zara, H&M, ...), Clothing And Shoes"},{"data_points":46,"item_id":64,"lowest_price":55,"average_price":96.26066666666665,"highest_price":129,"item_name":"1 Pair of Nike Running Shoes (Mid-Range), Clothing And Shoes"},{"data_points":41,"item_id":66,"lowest_price":60,"average_price":123.29629629629629,"highest_price":180,"item_name":"1 Pair of Men Leather Business Shoes, Clothing And Shoes"},{"data_points":25,"item_id":206,"lowest_price":22000,"average_price":24180.882352941175,"highest_price":26000,"item_name":"Toyota Corolla Sedan 1.6l 97kW Comfort (Or Equivalent New Car), Transportation"},{"data_points":18,"item_id":224,"lowest_price":1000,"average_price":1253.8461538461538,"highest_price":1500,"item_name":"Preschool (or Kindergarten), Full Day, Private, Monthly for 1 Child, Childcare"},{"data_points":12,"item_id":100,"lowest_price":4000,"average_price":5135.7716604322095,"highest_price":6619.8049062764785,"item_name":"Price per Square Meter to Buy Apartment in City Centre, Buy Apartment Price"},{"data_points":12,"item_id":228,"lowest_price":8000,"average_price":15000,"highest_price":30000,"item_name":"International Primary School, Yearly for 1 Child, Childcare"},{"data_points":11,"item_id":101,"lowest_price":2368.0602916761386,"average_price":3665.629456258913,"highest_price":4305.564166683888,"item_name":"Price per Square Meter to Buy Apartment Outside of Centre, Buy Apartment Price"},{"data_points":49,"item_id":105,"average_price":4036.374895833333,"item_name":"Average Monthly Net Salary (After Tax), Salaries And Financing"},{"data_points":44,"item_id":106,"lowest_price":2,"average_price":2.8675862068965516,"highest_price":3.92,"item_name":"Mortgage Interest Rate in Percentages (%), Yearly, for 20 Years Fixed-Rate, Salaries And Financing"},{"data_points":24,"item_id":107,"lowest_price":3.45,"average_price":3.85,"highest_price":5,"item_name":"Taxi Start (Normal Tariff), Transportation"},{"data_points":12,"item_id":108,"lowest_price":1.86,"average_price":2,"highest_price":3,"item_name":"Taxi 1km (Normal Tariff), Transportation"},{"data_points":10,"item_id":109,"lowest_price":19.74,"average_price":24,"highest_price":25,"item_name":"Taxi 1hour Waiting (Normal Tariff), Transportation"},{"data_points":34,"item_id":110,"lowest_price":1.7,"average_price":4.27462665695954,"highest_price":6.613867865546327,"item_name":"Apples (1kg), Markets"},{"data_points":22,"item_id":111,"lowest_price":1.99,"average_price":4.142042571630265,"highest_price":6.6,"item_name":"Oranges (1kg), Markets"},{"data_points":24,"item_id":112,"lowest_price":1,"average_price":2.179876764075639,"highest_price":6,"item_name":"Potato (1kg), Markets"},{"data_points":27,"item_id":113,"lowest_price":1.29,"average_price":2.4622222222222225,"highest_price":3.59,"item_name":"Lettuce (1 head), Markets"},{"data_points":43,"item_id":114,"lowest_price":2,"average_price":4.443793103448276,"highest_price":6.041659999999999,"item_name":"Cappuccino (regular), Restaurants"},{"data_points":19,"item_id":115,"lowest_price":2,"average_price":3.8122444943977634,"highest_price":6.613867865546327,"item_name":"Rice (white), (1kg), Markets"},{"data_points":29,"item_id":116,"lowest_price":1.99,"average_price":4.3327349472622885,"highest_price":6.613867865546327,"item_name":"Tomato (1kg), Markets"},{"data_points":35,"item_id":118,"lowest_price":0.8818490487395103,"average_price":1.4881180821775786,"highest_price":2.1825763956302877,"item_name":"Banana (1kg), Markets"},{"data_points":21,"item_id":119,"lowest_price":1,"average_price":2.3999630656422704,"highest_price":4.39,"item_name":"Onion (1kg), Markets"},{"data_points":22,"item_id":121,"lowest_price":9,"average_price":19.083031430812355,"highest_price":33.06933932773163,"item_name":"Beef Round (1kg) (or Equivalent Back Leg Red Meat), Markets"}],"city_id":2359}
