{"crime_index":26.129118954390318,"cpi_and_rent_index":60.40348462362598,"purchasing_power_incl_rent_index":88.35242433017663,"property_price_to_income_ratio":5.45130305275696,"contributors_healthcare":151,"safety_index":73.87088104560969,"traffic_co2_index":3933.8857142857146,"traffic_inefficiency_index":113.52874232747806,"contributors_traffic":109,"rent_index":42.6788095770758,"health_care_index":75.06262474462568,"groceries_index":73.84521654692836,"contributors_property":49,"pollution_index":21.43779272976895,"traffic_time_index":31.114285714285714,"restaurant_price_index":72.33480908491963,"contributors_cost_of_living":285,"climate_index":44.464173702614936,"cpi_index":75.6358531454291,"quality_of_life_index":174.25895834264205,"contributors_pollution":150,"contributors_crime":277,"traffic_index":117.46545781630243,"name":"Ottawa, Canada","city_id":2359}
