{"crime_index":14.578362551791836,"cpi_and_rent_index":48.3480470429327,"purchasing_power_incl_rent_index":88.17240689111316,"property_price_to_income_ratio":4.619824988755744,"contributors_healthcare":39,"safety_index":85.42163744820817,"traffic_co2_index":3977.2352941176473,"traffic_inefficiency_index":94.8538369650005,"contributors_traffic":34,"rent_index":22.480029160668362,"health_care_index":71.55308142150247,"groceries_index":73.75165425532184,"contributors_property":29,"pollution_index":28.211882306709892,"traffic_time_index":27.529411764705884,"restaurant_price_index":58.42463773053803,"contributors_cost_of_living":124,"climate_index":47.98137429106129,"cpi_index":70.57870460231828,"quality_of_life_index":178.34448261035698,"contributors_pollution":30,"contributors_crime":168,"traffic_index":106.65775499296691,"name":"Quebec City, Canada","city_id":7577}
