{"name":"Quebec City, Canada","currency":"CAD","contributors12months":79,"monthLastUpdate":6,"contributors":124,"yearLastUpdate":2021,"prices":[{"data_points":24,"item_id":1,"lowest_price":10,"average_price":15,"highest_price":20,"item_name":"Meal, Inexpensive Restaurant, Restaurants"},{"data_points":22,"item_id":2,"lowest_price":36.2505,"average_price":50,"highest_price":120,"item_name":"Meal for 2 People, Mid-range Restaurant, Three-course, Restaurants"},{"data_points":15,"item_id":3,"lowest_price":10,"average_price":11,"highest_price":12,"item_name":"McMeal at McDonalds (or Equivalent Combo Meal), Restaurants"},{"data_points":15,"item_id":4,"lowest_price":4,"average_price":7,"highest_price":8,"item_name":"Domestic Beer (0.5 liter draught), Restaurants"},{"data_points":13,"item_id":5,"lowest_price":6,"average_price":7,"highest_price":10,"item_name":"Imported Beer (0.33 liter bottle), Restaurants"},{"data_points":22,"item_id":6,"lowest_price":1.75,"average_price":2.4293526018968454,"highest_price":3,"item_name":"Coke/Pepsi (0.33 liter bottle), Restaurants"},{"data_points":23,"item_id":7,"lowest_price":1,"average_price":1.8092899392782926,"highest_price":3,"item_name":"Water (0.33 liter bottle) , Restaurants"},{"data_points":24,"item_id":8,"lowest_price":1.7171183421424234,"average_price":1.994375,"highest_price":2.75,"item_name":"Milk (regular), (1 liter), Markets"},{"data_points":18,"item_id":9,"lowest_price":2.3,"average_price":3.1040547853910874,"highest_price":3.8,"item_name":"Loaf of Fresh White Bread (500g), Markets"},{"data_points":21,"item_id":11,"lowest_price":2.59,"average_price":3.1592857142857143,"highest_price":4,"item_name":"Eggs (regular) (12), Markets"},{"data_points":15,"item_id":12,"lowest_price":6.49,"average_price":14.672773573109264,"highest_price":40,"item_name":"Local Cheese (1kg), Markets"},{"data_points":12,"item_id":13,"lowest_price":0.99,"average_price":1.825,"highest_price":3,"item_name":"Water (1.5 liter bottle), Markets"},{"data_points":15,"item_id":14,"lowest_price":12,"average_price":14,"highest_price":20,"item_name":"Bottle of Wine (Mid-Range), Markets"},{"data_points":12,"item_id":15,"lowest_price":2,"average_price":2.868235930735931,"highest_price":4.378787878787879,"item_name":"Domestic Beer (0.5 liter bottle), Markets"},{"data_points":13,"item_id":16,"lowest_price":2,"average_price":3.571111111111111,"highest_price":6,"item_name":"Imported Beer (0.33 liter bottle), Markets"},{"data_points":7,"item_id":17,"lowest_price":9.48,"average_price":12,"highest_price":20,"item_name":"Cigarettes 20 Pack (Marlboro), Markets"},{"data_points":24,"item_id":18,"lowest_price":3.25,"average_price":3.5,"highest_price":3.5,"item_name":"One-way Ticket (Local Transport), Transportation"},{"data_points":15,"item_id":19,"lowest_price":6.5,"average_price":13.529320719327796,"highest_price":18,"item_name":"Chicken Fillets (1kg), Markets"},{"data_points":21,"item_id":20,"lowest_price":81,"average_price":89.5,"highest_price":90,"item_name":"Monthly Pass (Regular Price), Transportation"},{"data_points":42,"item_id":24,"lowest_price":0.912,"average_price":1.157785714285714,"highest_price":1.3090000000000002,"item_name":"Gasoline (1 liter), Transportation"},{"data_points":6,"item_id":25,"lowest_price":24000,"average_price":25250,"highest_price":35000,"item_name":"Volkswagen Golf 1.4 90 KW Trendline (Or Equivalent New Car), Transportation"},{"data_points":28,"item_id":26,"lowest_price":650,"average_price":859.2105263157895,"highest_price":1000,"item_name":"Apartment (1 bedroom) in City Centre, Rent Per Month"},{"data_points":27,"item_id":27,"lowest_price":550,"average_price":662.5005555555556,"highest_price":800,"item_name":"Apartment (1 bedroom) Outside of Centre, Rent Per Month"},{"data_points":23,"item_id":28,"lowest_price":1200,"average_price":1418.75,"highest_price":1900,"item_name":"Apartment (3 bedrooms) in City Centre, Rent Per Month"},{"data_points":29,"item_id":29,"lowest_price":900,"average_price":1065,"highest_price":1200,"item_name":"Apartment (3 bedrooms) Outside of Centre, Rent Per Month"},{"data_points":16,"item_id":30,"lowest_price":57.2962962962963,"average_price":87.81539756539756,"highest_price":184.78260869565216,"item_name":"Basic (Electricity, Heating, Cooling, Water, Garbage) for 85m2 Apartment, Utilities (Monthly)"},{"data_points":10,"item_id":32,"lowest_price":0.1,"average_price":0.39999999999999997,"highest_price":0.5,"item_name":"1 min. of Prepaid Mobile Tariff Local (No Discounts or Plans), Utilities (Monthly)"},{"data_points":28,"item_id":33,"lowest_price":55,"average_price":69.73684210526316,"highest_price":95,"item_name":"Internet (60 Mbps or More, Unlimited Data, Cable/ADSL), Utilities (Monthly)"},{"data_points":18,"item_id":40,"lowest_price":15,"average_price":39.38461538461539,"highest_price":75,"item_name":"Fitness Club, Monthly Fee for 1 Adult, Sports And Leisure"},{"data_points":5,"item_id":42,"lowest_price":14,"average_price":31.75,"highest_price":28,"item_name":"Tennis Court Rent (1 Hour on Weekend), Sports And Leisure"},{"data_points":15,"item_id":44,"lowest_price":11,"average_price":13,"highest_price":16,"item_name":"Cinema, International Release, 1 Seat, Sports And Leisure"},{"data_points":23,"item_id":60,"lowest_price":40,"average_price":66.061875,"highest_price":90,"item_name":"1 Pair of Jeans (Levis 501 Or Similar), Clothing And Shoes"},{"data_points":15,"item_id":62,"lowest_price":30,"average_price":41.5,"highest_price":50,"item_name":"1 Summer Dress in a Chain Store (Zara, H&M, ...), Clothing And Shoes"},{"data_points":16,"item_id":64,"lowest_price":80,"average_price":111.81818181818181,"highest_price":130,"item_name":"1 Pair of Nike Running Shoes (Mid-Range), Clothing And Shoes"},{"data_points":14,"item_id":66,"lowest_price":85,"average_price":142.77777777777777,"highest_price":200,"item_name":"1 Pair of Men Leather Business Shoes, Clothing And Shoes"},{"data_points":12,"item_id":206,"lowest_price":20421,"average_price":22552.625,"highest_price":25000,"item_name":"Toyota Corolla Sedan 1.6l 97kW Comfort (Or Equivalent New Car), Transportation"},{"data_points":9,"item_id":224,"lowest_price":655.7225,"average_price":809.2870833333333,"highest_price":1000,"item_name":"Preschool (or Kindergarten), Full Day, Private, Monthly for 1 Child, Childcare"},{"data_points":4,"item_id":100,"lowest_price":2500,"average_price":2909.7243750043053,"highest_price":3229.1731250129164,"item_name":"Price per Square Meter to Buy Apartment in City Centre, Buy Apartment Price"},{"data_points":3,"item_id":228,"lowest_price":5000,"average_price":7712.63,"highest_price":12137.89,"item_name":"International Primary School, Yearly for 1 Child, Childcare"},{"data_points":4,"item_id":101,"lowest_price":2045.1429791748471,"average_price":3048.3809930582825,"highest_price":4100,"item_name":"Price per Square Meter to Buy Apartment Outside of Centre, Buy Apartment Price"},{"data_points":20,"item_id":105,"average_price":3224.205128205128,"item_name":"Average Monthly Net Salary (After Tax), Salaries And Financing"},{"data_points":18,"item_id":106,"lowest_price":2.11,"average_price":3.242307692307693,"highest_price":3.95,"item_name":"Mortgage Interest Rate in Percentages (%), Yearly, for 20 Years Fixed-Rate, Salaries And Financing"},{"data_points":9,"item_id":107,"lowest_price":3.5,"average_price":3.5,"highest_price":3.85,"item_name":"Taxi Start (Normal Tariff), Transportation"},{"data_points":7,"item_id":108,"lowest_price":1.75,"average_price":1.75,"highest_price":3.5,"item_name":"Taxi 1km (Normal Tariff), Transportation"},{"data_points":6,"item_id":109,"lowest_price":37.799999924400005,"average_price":38.999999922,"highest_price":39,"item_name":"Taxi 1hour Waiting (Normal Tariff), Transportation"},{"data_points":12,"item_id":110,"lowest_price":0.99,"average_price":4.1486556554621945,"highest_price":5.05,"item_name":"Apples (1kg), Markets"},{"data_points":9,"item_id":111,"lowest_price":2,"average_price":4.621289288515442,"highest_price":8.8,"item_name":"Oranges (1kg), Markets"},{"data_points":11,"item_id":112,"lowest_price":1,"average_price":4.27375,"highest_price":5,"item_name":"Potato (1kg), Markets"},{"data_points":16,"item_id":113,"lowest_price":1,"average_price":2.1509090909090913,"highest_price":3,"item_name":"Lettuce (1 head), Markets"},{"data_points":26,"item_id":114,"lowest_price":2.5,"average_price":4.095468382352941,"highest_price":5.880578056905366,"item_name":"Cappuccino (regular), Restaurants"},{"data_points":10,"item_id":115,"lowest_price":2,"average_price":4.142857142857143,"highest_price":6,"item_name":"Rice (white), (1kg), Markets"},{"data_points":11,"item_id":116,"lowest_price":2.18,"average_price":4.719233483193291,"highest_price":8,"item_name":"Tomato (1kg), Markets"},{"data_points":11,"item_id":118,"lowest_price":1.5,"average_price":2.0557843116386634,"highest_price":3.25,"item_name":"Banana (1kg), Markets"},{"data_points":12,"item_id":119,"lowest_price":1.455050930420192,"average_price":2.5075000000000003,"highest_price":5,"item_name":"Onion (1kg), Markets"},{"data_points":11,"item_id":121,"lowest_price":15,"average_price":17.477539015840367,"highest_price":23,"item_name":"Beef Round (1kg) (or Equivalent Back Leg Red Meat), Markets"}],"city_id":7577}
