{"crime_index":40.447106723043966,"cpi_and_rent_index":66.816189095537,"purchasing_power_incl_rent_index":87.75792119984537,"property_price_to_income_ratio":11.48498499063431,"contributors_healthcare":443,"safety_index":59.55289327695603,"traffic_co2_index":6790.962318840579,"traffic_inefficiency_index":257.35733712096305,"contributors_traffic":366,"rent_index":54.4696183987086,"health_care_index":75.78090630955941,"groceries_index":71.8007075793329,"contributors_property":120,"pollution_index":37.68682916975345,"traffic_time_index":45.2768115942029,"restaurant_price_index":76.54029745625655,"contributors_cost_of_living":604,"climate_index":65.34853334676716,"cpi_index":77.42668064704165,"quality_of_life_index":149.98421045888676,"contributors_pollution":346,"contributors_crime":903,"traffic_index":203.8622002537823,"name":"Toronto, Canada","city_id":2370}
