{"name":"Toronto, Canada","currency":"CAD","contributors12months":651,"monthLastUpdate":6,"contributors":604,"yearLastUpdate":2021,"prices":[{"data_points":79,"item_id":1,"lowest_price":12,"average_price":20,"highest_price":35,"item_name":"Meal, Inexpensive Restaurant, Restaurants"},{"data_points":93,"item_id":2,"lowest_price":60,"average_price":80,"highest_price":150,"item_name":"Meal for 2 People, Mid-range Restaurant, Three-course, Restaurants"},{"data_points":52,"item_id":3,"lowest_price":10,"average_price":11,"highest_price":13,"item_name":"McMeal at McDonalds (or Equivalent Combo Meal), Restaurants"},{"data_points":70,"item_id":4,"lowest_price":4.361842086608642,"average_price":7,"highest_price":10,"item_name":"Domestic Beer (0.5 liter draught), Restaurants"},{"data_points":58,"item_id":5,"lowest_price":6,"average_price":8,"highest_price":11,"item_name":"Imported Beer (0.33 liter bottle), Restaurants"},{"data_points":99,"item_id":6,"lowest_price":2,"average_price":2.541208375,"highest_price":4,"item_name":"Coke/Pepsi (0.33 liter bottle), Restaurants"},{"data_points":102,"item_id":7,"lowest_price":1.5,"average_price":1.9677118939441918,"highest_price":3,"item_name":"Water (0.33 liter bottle) , Restaurants"},{"data_points":105,"item_id":8,"lowest_price":1.5,"average_price":3.129149136156228,"highest_price":5,"item_name":"Milk (regular), (1 liter), Markets"},{"data_points":110,"item_id":9,"lowest_price":2,"average_price":2.866193015485529,"highest_price":5,"item_name":"Loaf of Fresh White Bread (500g), Markets"},{"data_points":99,"item_id":11,"lowest_price":2,"average_price":3.34546875,"highest_price":5,"item_name":"Eggs (regular) (12), Markets"},{"data_points":63,"item_id":12,"lowest_price":6.45,"average_price":14.083492241896776,"highest_price":39,"item_name":"Local Cheese (1kg), Markets"},{"data_points":74,"item_id":13,"lowest_price":1,"average_price":2.1125,"highest_price":3.5,"item_name":"Water (1.5 liter bottle), Markets"},{"data_points":79,"item_id":14,"lowest_price":12,"average_price":16,"highest_price":20,"item_name":"Bottle of Wine (Mid-Range), Markets"},{"data_points":69,"item_id":15,"lowest_price":2,"average_price":3.2635276575276566,"highest_price":5,"item_name":"Domestic Beer (0.5 liter bottle), Markets"},{"data_points":53,"item_id":16,"lowest_price":2.5,"average_price":3.550285714285714,"highest_price":5.99,"item_name":"Imported Beer (0.33 liter bottle), Markets"},{"data_points":32,"item_id":17,"lowest_price":13,"average_price":15,"highest_price":18,"item_name":"Cigarettes 20 Pack (Marlboro), Markets"},{"data_points":83,"item_id":18,"lowest_price":3.2,"average_price":3.25,"highest_price":3.5,"item_name":"One-way Ticket (Local Transport), Transportation"},{"data_points":72,"item_id":19,"lowest_price":5.2,"average_price":13.395190679778306,"highest_price":22,"item_name":"Chicken Fillets (1kg), Markets"},{"data_points":62,"item_id":20,"lowest_price":140,"average_price":156,"highest_price":161,"item_name":"Monthly Pass (Regular Price), Transportation"},{"data_points":106,"item_id":24,"lowest_price":1,"average_price":1.1598985507246382,"highest_price":1.33,"item_name":"Gasoline (1 liter), Transportation"},{"data_points":26,"item_id":25,"lowest_price":24172,"average_price":25000,"highest_price":29000,"item_name":"Volkswagen Golf 1.4 90 KW Trendline (Or Equivalent New Car), Transportation"},{"data_points":120,"item_id":26,"lowest_price":1650,"average_price":1957.8846153846155,"highest_price":2400,"item_name":"Apartment (1 bedroom) in City Centre, Rent Per Month"},{"data_points":117,"item_id":27,"lowest_price":1400,"average_price":1683.2924675324675,"highest_price":2000,"item_name":"Apartment (1 bedroom) Outside of Centre, Rent Per Month"},{"data_points":100,"item_id":28,"lowest_price":2900,"average_price":3438.646153846154,"highest_price":4800,"item_name":"Apartment (3 bedrooms) in City Centre, Rent Per Month"},{"data_points":85,"item_id":29,"lowest_price":2000,"average_price":2628.0535714285716,"highest_price":3500,"item_name":"Apartment (3 bedrooms) Outside of Centre, Rent Per Month"},{"data_points":60,"item_id":30,"lowest_price":100,"average_price":171.18044823142444,"highest_price":300,"item_name":"Basic (Electricity, Heating, Cooling, Water, Garbage) for 85m2 Apartment, Utilities (Monthly)"},{"data_points":34,"item_id":32,"lowest_price":0.09,"average_price":0.3622727272727273,"highest_price":0.5,"item_name":"1 min. of Prepaid Mobile Tariff Local (No Discounts or Plans), Utilities (Monthly)"},{"data_points":124,"item_id":33,"lowest_price":56,"average_price":73.63222222222223,"highest_price":101,"item_name":"Internet (60 Mbps or More, Unlimited Data, Cable/ADSL), Utilities (Monthly)"},{"data_points":78,"item_id":40,"lowest_price":20,"average_price":57.45064102564102,"highest_price":100,"item_name":"Fitness Club, Monthly Fee for 1 Adult, Sports And Leisure"},{"data_points":34,"item_id":42,"lowest_price":0,"average_price":23.863636363636363,"highest_price":35,"item_name":"Tennis Court Rent (1 Hour on Weekend), Sports And Leisure"},{"data_points":66,"item_id":44,"lowest_price":13,"average_price":15,"highest_price":20,"item_name":"Cinema, International Release, 1 Seat, Sports And Leisure"},{"data_points":81,"item_id":60,"lowest_price":33,"average_price":74.44018981132074,"highest_price":108,"item_name":"1 Pair of Jeans (Levis 501 Or Similar), Clothing And Shoes"},{"data_points":61,"item_id":62,"lowest_price":30,"average_price":47.59025,"highest_price":80,"item_name":"1 Summer Dress in a Chain Store (Zara, H&M, ...), Clothing And Shoes"},{"data_points":80,"item_id":64,"lowest_price":65,"average_price":107.82692307692308,"highest_price":150,"item_name":"1 Pair of Nike Running Shoes (Mid-Range), Clothing And Shoes"},{"data_points":72,"item_id":66,"lowest_price":89,"average_price":144.72340425531914,"highest_price":240,"item_name":"1 Pair of Men Leather Business Shoes, Clothing And Shoes"},{"data_points":38,"item_id":206,"lowest_price":22450,"average_price":25395.69230769231,"highest_price":30000,"item_name":"Toyota Corolla Sedan 1.6l 97kW Comfort (Or Equivalent New Car), Transportation"},{"data_points":52,"item_id":224,"lowest_price":1200,"average_price":1656.2935784313725,"highest_price":2250,"item_name":"Preschool (or Kindergarten), Full Day, Private, Monthly for 1 Child, Childcare"},{"data_points":43,"item_id":100,"lowest_price":9149.323854203263,"average_price":11406.006310709941,"highest_price":14531.279062558124,"item_name":"Price per Square Meter to Buy Apartment in City Centre, Buy Apartment Price"},{"data_points":35,"item_id":228,"lowest_price":15000,"average_price":26223.913043530436,"highest_price":40000,"item_name":"International Primary School, Yearly for 1 Child, Childcare"},{"data_points":50,"item_id":101,"lowest_price":6727.444010443576,"average_price":8967.673870139592,"highest_price":11986,"item_name":"Price per Square Meter to Buy Apartment Outside of Centre, Buy Apartment Price"},{"data_points":107,"item_id":105,"average_price":4434.851285714285,"item_name":"Average Monthly Net Salary (After Tax), Salaries And Financing"},{"data_points":77,"item_id":106,"lowest_price":1.74,"average_price":2.544901960784314,"highest_price":3.8,"item_name":"Mortgage Interest Rate in Percentages (%), Yearly, for 20 Years Fixed-Rate, Salaries And Financing"},{"data_points":27,"item_id":107,"lowest_price":3.25,"average_price":4.25,"highest_price":6,"item_name":"Taxi Start (Normal Tariff), Transportation"},{"data_points":23,"item_id":108,"lowest_price":1.74,"average_price":2,"highest_price":4,"item_name":"Taxi 1km (Normal Tariff), Transportation"},{"data_points":25,"item_id":109,"lowest_price":30,"average_price":31.04,"highest_price":59.999999880000004,"item_name":"Taxi 1hour Waiting (Normal Tariff), Transportation"},{"data_points":86,"item_id":110,"lowest_price":1.99,"average_price":4.013291470552231,"highest_price":6,"item_name":"Apples (1kg), Markets"},{"data_points":67,"item_id":111,"lowest_price":1.5,"average_price":3.473187666088627,"highest_price":7.2,"item_name":"Oranges (1kg), Markets"},{"data_points":62,"item_id":112,"lowest_price":1,"average_price":2.8682867870629325,"highest_price":5,"item_name":"Potato (1kg), Markets"},{"data_points":76,"item_id":113,"lowest_price":1.5,"average_price":2.5239999999999996,"highest_price":4,"item_name":"Lettuce (1 head), Markets"},{"data_points":101,"item_id":114,"lowest_price":2.5,"average_price":4.520799313375492,"highest_price":7,"item_name":"Cappuccino (regular), Restaurants"},{"data_points":74,"item_id":115,"lowest_price":1.99,"average_price":3.4390389138655486,"highest_price":7,"item_name":"Rice (white), (1kg), Markets"},{"data_points":78,"item_id":116,"lowest_price":2,"average_price":3.904573524440864,"highest_price":6,"item_name":"Tomato (1kg), Markets"},{"data_points":94,"item_id":118,"lowest_price":1,"average_price":1.5960480636781982,"highest_price":3,"item_name":"Banana (1kg), Markets"},{"data_points":74,"item_id":119,"lowest_price":1.02,"average_price":2.585566347843145,"highest_price":5,"item_name":"Onion (1kg), Markets"},{"data_points":65,"item_id":121,"lowest_price":7.65,"average_price":15.92975891267543,"highest_price":30,"item_name":"Beef Round (1kg) (or Equivalent Back Leg Red Meat), Markets"}],"city_id":2370}
