{"name":"Toulouse, France","currency":"EUR","contributors12months":62,"monthLastUpdate":5,"contributors":109,"yearLastUpdate":2021,"prices":[{"data_points":23,"item_id":1,"lowest_price":10,"average_price":14,"highest_price":20,"item_name":"Meal, Inexpensive Restaurant, Restaurants"},{"data_points":20,"item_id":2,"lowest_price":35,"average_price":53.5,"highest_price":70,"item_name":"Meal for 2 People, Mid-range Restaurant, Three-course, Restaurants"},{"data_points":13,"item_id":3,"lowest_price":8,"average_price":9,"highest_price":10,"item_name":"McMeal at McDonalds (or Equivalent Combo Meal), Restaurants"},{"data_points":20,"item_id":4,"lowest_price":4,"average_price":5.9,"highest_price":8,"item_name":"Domestic Beer (0.5 liter draught), Restaurants"},{"data_points":18,"item_id":5,"lowest_price":4,"average_price":5,"highest_price":6,"item_name":"Imported Beer (0.33 liter bottle), Restaurants"},{"data_points":20,"item_id":6,"lowest_price":1.6,"average_price":2.5615384615384613,"highest_price":3.5,"item_name":"Coke/Pepsi (0.33 liter bottle), Restaurants"},{"data_points":17,"item_id":7,"lowest_price":1.5,"average_price":1.875,"highest_price":3,"item_name":"Water (0.33 liter bottle) , Restaurants"},{"data_points":19,"item_id":8,"lowest_price":0.78,"average_price":0.8941666666666666,"highest_price":1.2,"item_name":"Milk (regular), (1 liter), Markets"},{"data_points":13,"item_id":9,"lowest_price":0.8,"average_price":1.338888888888889,"highest_price":6,"item_name":"Loaf of Fresh White Bread (500g), Markets"},{"data_points":18,"item_id":11,"lowest_price":1.1960000000000002,"average_price":2.4498461538614404,"highest_price":3.6,"item_name":"Eggs (regular) (12), Markets"},{"data_points":11,"item_id":12,"lowest_price":6.19,"average_price":15.375,"highest_price":22,"item_name":"Local Cheese (1kg), Markets"},{"data_points":12,"item_id":13,"lowest_price":0.18,"average_price":0.6212500000000001,"highest_price":1,"item_name":"Water (1.5 liter bottle), Markets"},{"data_points":15,"item_id":14,"lowest_price":3,"average_price":6,"highest_price":10,"item_name":"Bottle of Wine (Mid-Range), Markets"},{"data_points":10,"item_id":15,"lowest_price":0.99,"average_price":1.7857142857142858,"highest_price":3,"item_name":"Domestic Beer (0.5 liter bottle), Markets"},{"data_points":10,"item_id":16,"lowest_price":1,"average_price":2.5,"highest_price":4,"item_name":"Imported Beer (0.33 liter bottle), Markets"},{"data_points":19,"item_id":17,"lowest_price":9,"average_price":10,"highest_price":10,"item_name":"Cigarettes 20 Pack (Marlboro), Markets"},{"data_points":24,"item_id":18,"lowest_price":1.5,"average_price":1.7,"highest_price":2,"item_name":"One-way Ticket (Local Transport), Transportation"},{"data_points":14,"item_id":19,"lowest_price":5.99,"average_price":9.444444444444445,"highest_price":12,"item_name":"Chicken Fillets (1kg), Markets"},{"data_points":24,"item_id":20,"lowest_price":45,"average_price":51,"highest_price":55,"item_name":"Monthly Pass (Regular Price), Transportation"},{"data_points":26,"item_id":24,"lowest_price":1.35,"average_price":1.4750588235294118,"highest_price":1.55,"item_name":"Gasoline (1 liter), Transportation"},{"data_points":7,"item_id":25,"lowest_price":20000,"average_price":22000,"highest_price":27540,"item_name":"Volkswagen Golf 1.4 90 KW Trendline (Or Equivalent New Car), Transportation"},{"data_points":35,"item_id":26,"lowest_price":500,"average_price":623.5652173913044,"highest_price":750,"item_name":"Apartment (1 bedroom) in City Centre, Rent Per Month"},{"data_points":28,"item_id":27,"lowest_price":350,"average_price":482.10526315789474,"highest_price":600,"item_name":"Apartment (1 bedroom) Outside of Centre, Rent Per Month"},{"data_points":21,"item_id":28,"lowest_price":900,"average_price":1132.142857142857,"highest_price":1500,"item_name":"Apartment (3 bedrooms) in City Centre, Rent Per Month"},{"data_points":23,"item_id":29,"lowest_price":700,"average_price":856.25,"highest_price":1100,"item_name":"Apartment (3 bedrooms) Outside of Centre, Rent Per Month"},{"data_points":26,"item_id":30,"lowest_price":96.59090909090908,"average_price":145.42183165132082,"highest_price":255,"item_name":"Basic (Electricity, Heating, Cooling, Water, Garbage) for 85m2 Apartment, Utilities (Monthly)"},{"data_points":8,"item_id":32,"lowest_price":0.025,"average_price":0.07083333333333335,"highest_price":0.1,"item_name":"1 min. of Prepaid Mobile Tariff Local (No Discounts or Plans), Utilities (Monthly)"},{"data_points":33,"item_id":33,"lowest_price":20,"average_price":28.40818181818182,"highest_price":40,"item_name":"Internet (60 Mbps or More, Unlimited Data, Cable/ADSL), Utilities (Monthly)"},{"data_points":33,"item_id":40,"lowest_price":20,"average_price":31.520909090909093,"highest_price":50,"item_name":"Fitness Club, Monthly Fee for 1 Adult, Sports And Leisure"},{"data_points":10,"item_id":42,"lowest_price":8,"average_price":11.557142857142859,"highest_price":15,"item_name":"Tennis Court Rent (1 Hour on Weekend), Sports And Leisure"},{"data_points":24,"item_id":44,"lowest_price":8,"average_price":10,"highest_price":15,"item_name":"Cinema, International Release, 1 Seat, Sports And Leisure"},{"data_points":21,"item_id":60,"lowest_price":40,"average_price":83.85714285714286,"highest_price":110,"item_name":"1 Pair of Jeans (Levis 501 Or Similar), Clothing And Shoes"},{"data_points":15,"item_id":62,"lowest_price":20,"average_price":35,"highest_price":50,"item_name":"1 Summer Dress in a Chain Store (Zara, H&M, ...), Clothing And Shoes"},{"data_points":20,"item_id":64,"lowest_price":45,"average_price":82.3076923076923,"highest_price":120,"item_name":"1 Pair of Nike Running Shoes (Mid-Range), Clothing And Shoes"},{"data_points":17,"item_id":66,"lowest_price":55,"average_price":111.66666666666667,"highest_price":150,"item_name":"1 Pair of Men Leather Business Shoes, Clothing And Shoes"},{"data_points":9,"item_id":206,"lowest_price":19000,"average_price":23541.666666666668,"highest_price":25000,"item_name":"Toyota Corolla Sedan 1.6l 97kW Comfort (Or Equivalent New Car), Transportation"},{"data_points":7,"item_id":224,"lowest_price":366,"average_price":451.2,"highest_price":700,"item_name":"Preschool (or Kindergarten), Full Day, Private, Monthly for 1 Child, Childcare"},{"data_points":10,"item_id":100,"lowest_price":4000,"average_price":4688.571428571428,"highest_price":5020,"item_name":"Price per Square Meter to Buy Apartment in City Centre, Buy Apartment Price"},{"data_points":7,"item_id":228,"lowest_price":5000,"average_price":15400.000000192002,"highest_price":27000,"item_name":"International Primary School, Yearly for 1 Child, Childcare"},{"data_points":10,"item_id":101,"lowest_price":2500,"average_price":3057.1428571428573,"highest_price":3500,"item_name":"Price per Square Meter to Buy Apartment Outside of Centre, Buy Apartment Price"},{"data_points":23,"item_id":105,"average_price":2244.2708333333335,"item_name":"Average Monthly Net Salary (After Tax), Salaries And Financing"},{"data_points":10,"item_id":106,"lowest_price":1,"average_price":1.2857142857142858,"highest_price":1.6,"item_name":"Mortgage Interest Rate in Percentages (%), Yearly, for 20 Years Fixed-Rate, Salaries And Financing"},{"data_points":7,"item_id":107,"lowest_price":1.9,"average_price":5,"highest_price":6,"item_name":"Taxi Start (Normal Tariff), Transportation"},{"data_points":5,"item_id":108,"lowest_price":0.87,"average_price":2,"highest_price":3,"item_name":"Taxi 1km (Normal Tariff), Transportation"},{"data_points":6,"item_id":109,"lowest_price":25.2,"average_price":32,"highest_price":40,"item_name":"Taxi 1hour Waiting (Normal Tariff), Transportation"},{"data_points":12,"item_id":110,"lowest_price":1.1,"average_price":2.5625,"highest_price":3.6,"item_name":"Apples (1kg), Markets"},{"data_points":11,"item_id":111,"lowest_price":1.5,"average_price":2.16,"highest_price":5,"item_name":"Oranges (1kg), Markets"},{"data_points":11,"item_id":112,"lowest_price":0.7,"average_price":1.7737500000000002,"highest_price":3,"item_name":"Potato (1kg), Markets"},{"data_points":11,"item_id":113,"lowest_price":1,"average_price":1.15625,"highest_price":1.5,"item_name":"Lettuce (1 head), Markets"},{"data_points":22,"item_id":114,"lowest_price":1.5,"average_price":2.6599999999999997,"highest_price":4,"item_name":"Cappuccino (regular), Restaurants"},{"data_points":13,"item_id":115,"lowest_price":1,"average_price":1.5222222222222224,"highest_price":2.5,"item_name":"Rice (white), (1kg), Markets"},{"data_points":14,"item_id":116,"lowest_price":1.6,"average_price":3.1555555555555554,"highest_price":4.5,"item_name":"Tomato (1kg), Markets"},{"data_points":13,"item_id":118,"lowest_price":1.5,"average_price":1.887777777777778,"highest_price":6,"item_name":"Banana (1kg), Markets"},{"data_points":12,"item_id":119,"lowest_price":0.99,"average_price":1.7737500000000002,"highest_price":4.5,"item_name":"Onion (1kg), Markets"},{"data_points":10,"item_id":121,"lowest_price":12,"average_price":19,"highest_price":25,"item_name":"Beef Round (1kg) (or Equivalent Back Leg Red Meat), Markets"}],"city_id":5433}
