{"crime_index":46.38199940248507,"cpi_and_rent_index":54.42634431428108,"purchasing_power_incl_rent_index":80.2582789049313,"property_price_to_income_ratio":8.628319464244273,"contributors_healthcare":24,"safety_index":53.61800059751492,"traffic_co2_index":3911.666666666667,"traffic_inefficiency_index":89.4651251057516,"contributors_traffic":20,"rent_index":25.52898695225266,"health_care_index":84.80685477968088,"groceries_index":77.5004989867563,"contributors_property":35,"pollution_index":40.91288063479387,"traffic_time_index":30.833333333333332,"restaurant_price_index":78.94509407477702,"contributors_cost_of_living":109,"climate_index":91.87152472962697,"cpi_index":79.26037909848046,"quality_of_life_index":164.21261755185645,"contributors_pollution":31,"contributors_crime":103,"traffic_index":115.14819324282462,"name":"Toulouse, France","city_id":5433}
