{"crime_index":36.88376777357794,"cpi_and_rent_index":67.73281958948645,"purchasing_power_incl_rent_index":85.10041030668852,"property_price_to_income_ratio":11.915974143274372,"contributors_healthcare":221,"safety_index":63.11623222642206,"traffic_co2_index":5183.830769230769,"traffic_inefficiency_index":160.91930495320807,"contributors_traffic":137,"rent_index":57.16517544902596,"health_care_index":75.54148783923182,"groceries_index":77.15612684634415,"contributors_property":87,"pollution_index":24.890263147420534,"traffic_time_index":37.4076923076923,"restaurant_price_index":75.73735741226922,"contributors_cost_of_living":404,"climate_index":91.15045044015223,"cpi_index":76.81452345892342,"quality_of_life_index":171.30357744367006,"contributors_pollution":209,"contributors_crime":439,"traffic_index":153.3496389945538,"name":"Vancouver, Canada","city_id":2371}
