{"name":"Vancouver, Canada","currency":"CAD","contributors12months":345,"monthLastUpdate":6,"contributors":404,"yearLastUpdate":2021,"prices":[{"data_points":71,"item_id":1,"lowest_price":12,"average_price":20,"highest_price":30,"item_name":"Meal, Inexpensive Restaurant, Restaurants"},{"data_points":56,"item_id":2,"lowest_price":55,"average_price":77.5,"highest_price":140,"item_name":"Meal for 2 People, Mid-range Restaurant, Three-course, Restaurants"},{"data_points":33,"item_id":3,"lowest_price":10,"average_price":11,"highest_price":13,"item_name":"McMeal at McDonalds (or Equivalent Combo Meal), Restaurants"},{"data_points":39,"item_id":4,"lowest_price":5,"average_price":7,"highest_price":8,"item_name":"Domestic Beer (0.5 liter draught), Restaurants"},{"data_points":33,"item_id":5,"lowest_price":6,"average_price":8,"highest_price":10,"item_name":"Imported Beer (0.33 liter bottle), Restaurants"},{"data_points":52,"item_id":6,"lowest_price":1.75,"average_price":2.385294117647059,"highest_price":3,"item_name":"Coke/Pepsi (0.33 liter bottle), Restaurants"},{"data_points":54,"item_id":7,"lowest_price":1.5,"average_price":2.0814285714285714,"highest_price":3,"item_name":"Water (0.33 liter bottle) , Restaurants"},{"data_points":63,"item_id":8,"lowest_price":1.2680258526590202,"average_price":2.2093412705955022,"highest_price":3.69,"item_name":"Milk (regular), (1 liter), Markets"},{"data_points":61,"item_id":9,"lowest_price":1.75,"average_price":3.255846590533616,"highest_price":4.5,"item_name":"Loaf of Fresh White Bread (500g), Markets"},{"data_points":68,"item_id":11,"lowest_price":2.5,"average_price":4.238666666666665,"highest_price":6,"item_name":"Eggs (regular) (12), Markets"},{"data_points":38,"item_id":12,"lowest_price":8,"average_price":16.74479679638011,"highest_price":50,"item_name":"Local Cheese (1kg), Markets"},{"data_points":38,"item_id":13,"lowest_price":1.2,"average_price":2.356923076923077,"highest_price":3,"item_name":"Water (1.5 liter bottle), Markets"},{"data_points":40,"item_id":14,"lowest_price":12,"average_price":18,"highest_price":25,"item_name":"Bottle of Wine (Mid-Range), Markets"},{"data_points":38,"item_id":15,"lowest_price":2,"average_price":3.5923108942339708,"highest_price":5.5,"item_name":"Domestic Beer (0.5 liter bottle), Markets"},{"data_points":34,"item_id":16,"lowest_price":2.5,"average_price":4.138636363636364,"highest_price":6.5,"item_name":"Imported Beer (0.33 liter bottle), Markets"},{"data_points":25,"item_id":17,"lowest_price":15,"average_price":15.5,"highest_price":20,"item_name":"Cigarettes 20 Pack (Marlboro), Markets"},{"data_points":34,"item_id":18,"lowest_price":2.75,"average_price":3,"highest_price":5,"item_name":"One-way Ticket (Local Transport), Transportation"},{"data_points":39,"item_id":19,"lowest_price":7.936641438655593,"average_price":15.668074386877363,"highest_price":22,"item_name":"Chicken Fillets (1kg), Markets"},{"data_points":31,"item_id":20,"lowest_price":95,"average_price":100,"highest_price":171,"item_name":"Monthly Pass (Regular Price), Transportation"},{"data_points":86,"item_id":24,"lowest_price":1.2,"average_price":1.3909658927454351,"highest_price":1.58,"item_name":"Gasoline (1 liter), Transportation"},{"data_points":13,"item_id":25,"lowest_price":24000,"average_price":26500,"highest_price":30000,"item_name":"Volkswagen Golf 1.4 90 KW Trendline (Or Equivalent New Car), Transportation"},{"data_points":87,"item_id":26,"lowest_price":1700,"average_price":2018.6842105263158,"highest_price":2700,"item_name":"Apartment (1 bedroom) in City Centre, Rent Per Month"},{"data_points":81,"item_id":27,"lowest_price":1250,"average_price":1614.754716981132,"highest_price":2000,"item_name":"Apartment (1 bedroom) Outside of Centre, Rent Per Month"},{"data_points":58,"item_id":28,"lowest_price":3000,"average_price":3736.051282051282,"highest_price":5000,"item_name":"Apartment (3 bedrooms) in City Centre, Rent Per Month"},{"data_points":53,"item_id":29,"lowest_price":2000,"average_price":2815.9714285714285,"highest_price":3500,"item_name":"Apartment (3 bedrooms) Outside of Centre, Rent Per Month"},{"data_points":40,"item_id":30,"lowest_price":45,"average_price":89.55976714157626,"highest_price":150,"item_name":"Basic (Electricity, Heating, Cooling, Water, Garbage) for 85m2 Apartment, Utilities (Monthly)"},{"data_points":17,"item_id":32,"lowest_price":0.05,"average_price":0.35000000000000003,"highest_price":0.46,"item_name":"1 min. of Prepaid Mobile Tariff Local (No Discounts or Plans), Utilities (Monthly)"},{"data_points":64,"item_id":33,"lowest_price":60,"average_price":85.06523809523809,"highest_price":120,"item_name":"Internet (60 Mbps or More, Unlimited Data, Cable/ADSL), Utilities (Monthly)"},{"data_points":39,"item_id":40,"lowest_price":30,"average_price":58.96666666666667,"highest_price":88,"item_name":"Fitness Club, Monthly Fee for 1 Adult, Sports And Leisure"},{"data_points":29,"item_id":42,"lowest_price":0,"average_price":16.236842105263158,"highest_price":28,"item_name":"Tennis Court Rent (1 Hour on Weekend), Sports And Leisure"},{"data_points":33,"item_id":44,"lowest_price":12.99,"average_price":15,"highest_price":20,"item_name":"Cinema, International Release, 1 Seat, Sports And Leisure"},{"data_points":41,"item_id":60,"lowest_price":35,"average_price":75.66666666666667,"highest_price":110,"item_name":"1 Pair of Jeans (Levis 501 Or Similar), Clothing And Shoes"},{"data_points":44,"item_id":62,"lowest_price":25,"average_price":49.62068965517241,"highest_price":88,"item_name":"1 Summer Dress in a Chain Store (Zara, H&M, ...), Clothing And Shoes"},{"data_points":51,"item_id":64,"lowest_price":70,"average_price":111.38235294117646,"highest_price":140,"item_name":"1 Pair of Nike Running Shoes (Mid-Range), Clothing And Shoes"},{"data_points":54,"item_id":66,"lowest_price":85,"average_price":155.18400000000003,"highest_price":250,"item_name":"1 Pair of Men Leather Business Shoes, Clothing And Shoes"},{"data_points":29,"item_id":206,"lowest_price":23000,"average_price":24699.42105263158,"highest_price":26600,"item_name":"Toyota Corolla Sedan 1.6l 97kW Comfort (Or Equivalent New Car), Transportation"},{"data_points":37,"item_id":224,"lowest_price":800,"average_price":1188.6,"highest_price":2000,"item_name":"Preschool (or Kindergarten), Full Day, Private, Monthly for 1 Child, Childcare"},{"data_points":47,"item_id":100,"lowest_price":9687.51937503875,"average_price":11627.13277826556,"highest_price":16145.865625064582,"item_name":"Price per Square Meter to Buy Apartment in City Centre, Buy Apartment Price"},{"data_points":11,"item_id":228,"lowest_price":16000,"average_price":28250.000000120002,"highest_price":70000,"item_name":"International Primary School, Yearly for 1 Child, Childcare"},{"data_points":41,"item_id":101,"lowest_price":7534.737291696805,"average_price":9152.18977549066,"highest_price":12916.692500051666,"item_name":"Price per Square Meter to Buy Apartment Outside of Centre, Buy Apartment Price"},{"data_points":73,"item_id":105,"average_price":4359.551788194444,"item_name":"Average Monthly Net Salary (After Tax), Salaries And Financing"},{"data_points":39,"item_id":106,"lowest_price":1.89,"average_price":2.4308,"highest_price":3.25,"item_name":"Mortgage Interest Rate in Percentages (%), Yearly, for 20 Years Fixed-Rate, Salaries And Financing"},{"data_points":28,"item_id":107,"lowest_price":3.25,"average_price":3.75,"highest_price":5,"item_name":"Taxi Start (Normal Tariff), Transportation"},{"data_points":17,"item_id":108,"lowest_price":1.84,"average_price":1.88,"highest_price":3.1068559611866697,"item_name":"Taxi 1km (Normal Tariff), Transportation"},{"data_points":13,"item_id":109,"lowest_price":32.86,"average_price":33.55,"highest_price":60,"item_name":"Taxi 1hour Waiting (Normal Tariff), Transportation"},{"data_points":40,"item_id":110,"lowest_price":1.99,"average_price":3.4593060085068146,"highest_price":5,"item_name":"Apples (1kg), Markets"},{"data_points":37,"item_id":111,"lowest_price":1,"average_price":3.474768664067255,"highest_price":5,"item_name":"Oranges (1kg), Markets"},{"data_points":36,"item_id":112,"lowest_price":1,"average_price":2.897372792549031,"highest_price":5.99,"item_name":"Potato (1kg), Markets"},{"data_points":35,"item_id":113,"lowest_price":1,"average_price":2.5613043478260873,"highest_price":3.99,"item_name":"Lettuce (1 head), Markets"},{"data_points":68,"item_id":114,"lowest_price":3,"average_price":4.521111111111111,"highest_price":6,"item_name":"Cappuccino (regular), Restaurants"},{"data_points":39,"item_id":115,"lowest_price":2,"average_price":3.9331698097479015,"highest_price":8,"item_name":"Rice (white), (1kg), Markets"},{"data_points":40,"item_id":116,"lowest_price":1.6,"average_price":4.037787182999369,"highest_price":6.5,"item_name":"Tomato (1kg), Markets"},{"data_points":42,"item_id":118,"lowest_price":1,"average_price":1.7224407268547561,"highest_price":2.4250848840336534,"item_name":"Banana (1kg), Markets"},{"data_points":34,"item_id":119,"lowest_price":0.99,"average_price":2.5876515367150628,"highest_price":4.409245243697551,"item_name":"Onion (1kg), Markets"},{"data_points":39,"item_id":121,"lowest_price":10,"average_price":18.167086765714334,"highest_price":29.4,"item_name":"Beef Round (1kg) (or Equivalent Back Leg Red Meat), Markets"}],"city_id":2371}
